"path","bytes","sha256","category"
"controlled_pinn/checks/fem_convergence.json","6714","8291019a572bb5a6a3929410dd9073ea9a032f9cb5886aa19edf5f3c9f2eb237","finite_element_verification"
"controlled_pinn/checks/kirsch_comparison.json","380","b3cd0235a4d74ed69e82953405c8eeecf1bcd85490c31a90610c1f8820d8dc4c","finite_element_verification"
"controlled_pinn/checks/kirsch_formula.json","162","258b571484a77353d71c2e6db031f0ab461cfe7d2e602051b66fede7463ad34c","finite_element_verification"
"controlled_pinn/code/audit_legacy.py","9015","e95d8b0353941744b6ee06db7406976a72aee406d5862c7eed9ac4bc8d36a0bd","source"
"controlled_pinn/code/audit_results.py","3745","3e7dec5ad285708586d71e702dcaea543ec495f6575d3cca2472adafc1a6fa9c","source"
"controlled_pinn/code/build_fem.py","6912","d1829fc047e9466963da1b4a3e3211f93f3ee5feca8c3ded5c8cb413a650b42d","source"
"controlled_pinn/code/check_dem_quadrature.py","4771","faa24931bb72a68672bd6b4426fb9dd8f6ed390c928872fa6c1f42f1071413b3","source"
"controlled_pinn/code/check_fem.py","4432","63b88ad7703b4e6fecf95e9040779a4faa3c52713a613320b14c668d57f43f41","source"
"controlled_pinn/code/check_postprocessing.py","1965","a971dda720d8ba33e023ab5b225585668fc5583e51fdbf94cef2fda45cd0ce70","source"
"controlled_pinn/code/export_fem.py","5888","9a9145d798de30b67390e42c38cf9a2d71954afcd7490ee9154d7521db804f5b","source"
"controlled_pinn/code/feature_diagnostics.py","5015","dcf267a66d17dc4aff2018db7e7efc0023bf2f80013ae083d797ed26e9731e81","source"
"controlled_pinn/code/fem_interpolation.py","4517","e7d408ce1c25ad5de3c3f77bccf9a9b7377a04d8bc8631fd74a4e08b25082116","source"
"controlled_pinn/code/fourier_extension.py","6599","3ee9a137daac33dbc230a68c9f0e0fe4495f2e241ad324e446b8aaafa198bd46","source"
"controlled_pinn/code/kirsch.py","5123","6fbc8f1aab1810be05250013a84146b1274c786e953e935b5f400512b8d18f33","source"
"controlled_pinn/code/metrics.py","2364","852d83998acd63e2126a36edfa1d4b86af890cf46b41736c828caf491f356fb4","source"
"controlled_pinn/code/models.py","8526","0a99b21b0a3ca40f006ca92488cd4164fe11d740a307520dd7dce33eec1d1ffa","source"
"controlled_pinn/code/observed_lbfgs.py","8451","6a47fb04c8cd45893568c6e858c7545b35b3cac1c7ba64f5867c8374cc0eda63","source"
"controlled_pinn/code/pipeline.py","2283","b7e77fa482eb9c6996ac3c8610267ece3f14e874083fff43909d5d549f3c7642","source"
"controlled_pinn/code/postprocess_supplement.py","9384","7a836114f90617c960c9acd743fcf7036da439a0afc52ec8aa162e4f08fcc98f","source"
"controlled_pinn/code/postprocess.py","6195","b326c9c4dc230dbc850de458863467f06916e3d7e35621cbb98b2c8c3c4cd728","source"
"controlled_pinn/code/prepare_optimizer.py","2960","ee13b0bb8a5da61b2476d3b0ab32dc82b4e21c7b0b4489cd8579ce73e28c0ad2","source"
"controlled_pinn/code/prepare.py","5451","41c588a2ab2505d0cda408f85b7e77922b00bbe615c5eaa712269d565b9c7817","source"
"controlled_pinn/code/profile_xpinn.py","4687","b219c5722620b68f9feef3f4d9caefa94ffc5ae85ab95dec3b4616d7b9943e54","source"
"controlled_pinn/code/recompute_legacy_metrics.py","3171","a5e5f542674c91a03cef8cf8a1a09f23632fff69699c4c7bae18c11764210a58","source"
"controlled_pinn/code/runtime.py","622","b884cdb0dfbe6e49e87068ed09b06d9843e4bca829f8c59eba27c9454cc5e865","source"
"controlled_pinn/code/select_reference.py","3907","5ab2a3a5c117c07d774adfab2dff29e9211a0cb8ba078be9b45511f78a99089d","source"
"controlled_pinn/code/summarize.py","4590","c6c5edb8853530ece603d5f8a582ffef50ed70b4953c164b6f893d1c9034d1ed","source"
"controlled_pinn/code/train.py","8867","da3b35c3b85a43252c97d7a6b19aadadaee25a01ee31319f8806cf0e422b5f43","source"
"controlled_pinn/code/verify_core.py","3469","7dfca9a19b5af9bafe4c1785999743fbc6a45021dded942eacba3f4ca7d204b0","source"
"controlled_pinn/config/fourier_extension_manifest.json","3379","c74c4c7fe6b627b7c1696efa2af071c3d678db730c779f91eb8bde73052792e2","configuration"
"controlled_pinn/config/geometry.json","5550","db51ee62eb80635163d2b3959f8b5fe233ea5b51936daf2061b3930e8c67a3ed","configuration"
"controlled_pinn/config/reference_selection.json","3366","53413e218d677778f3d898493fa5915c4149988241e0395df49042ff1191df14","configuration"
"controlled_pinn/config/run_manifest.json","68341","8a095446ac5d4f7fe0c64ccae9fad27241c0bbcedcdae01781a666c9006e3de6","configuration"
"controlled_pinn/fem/abaqus_evidence_manifest.json","12275","1760ff98857e77f0952a88ad5140a50126934eb38e61954bbc6f527df07e99f2","finite_element_reference"
"controlled_pinn/fem/circle_common_probes.npz","40112","18db8cdeb002a6c4ea3035871ebfa9b1995da4cf73cf93e5a495a4aea8e23104","finite_element_reference"
"controlled_pinn/fem/circle_probe_reference.npz","383670","4f773322c94f25e27b9744c5fc0610a644621ef218bd7d05e676086398680669","finite_element_reference"
"controlled_pinn/fem/kirsch_manifest.json","657","de2a33db3ad5f84102230bc752487f7039924cff5341996005b5321ce3d413b5","finite_element_reference"
"controlled_pinn/fem/mesh_manifest.json","3259","eda3421f80b589c1c4d433edd09989a4776eaf1a65c7103cda78525687bda677","finite_element_reference"
"controlled_pinn/fem/tr3_circle_sl0p0025_Check.npz","9466919","b78a52562d7b26548e39966ef50f814a81085eaaadc6bd79143d205f03c06125","finite_element_reference"
"controlled_pinn/fem/tr3_circle_sl0p0025_UnitL.npz","9500464","176e7e41491407d2b4b1f884a6fcdce446dacb94ff4b64d4ece01e3e9f3c9061","finite_element_reference"
"controlled_pinn/fem/tr3_circle_sl0p0025_UnitT.npz","9524872","3231204e68d9248092ef1b5f3c0bc8c8cf6ee97b7a9a9887f16550ae79545502","finite_element_reference"
"controlled_pinn/fem/tr3_circle_sl0p0025.json","1622","9afdd842a2943ad520941fea147ec32e2113c56db28c2b7c7e1d5ae2d0cac28e","finite_element_reference"
"controlled_pinn/fem/tr3_circle_sl0p005_Check.npz","2389285","ef597bfb505cb33e4d3149995faa9ce04ffb39de37fa854abf9a9050d3a9d242","finite_element_reference"
"controlled_pinn/fem/tr3_circle_sl0p005_UnitL.npz","2396862","ee0da4ad99a01af5eb98af3f2faaec7f4cda11eb6adcde703247ca28d0a83500","finite_element_reference"
"controlled_pinn/fem/tr3_circle_sl0p005_UnitT.npz","2403190","6bccfa9e13431c0ee9024c5773ee3bc1fd9b22a0adfd65287174875c4c81c5c8","finite_element_reference"
"controlled_pinn/fem/tr3_circle_sl0p005.json","1614","df627282b0cbd22636274cd4329ee2f421b0dce813e6851b87cd3c43c117dfe7","finite_element_reference"
"controlled_pinn/fem/tr3_circle_sl0p01_Check.npz","520918","3ad4950364654b69d0a3ea7ce5bb64c32bd2f06562c16d4a4151a34f99fe92a9","finite_element_reference"
"controlled_pinn/fem/tr3_circle_sl0p01_UnitL.npz","523239","1e7ee632c4a357d5312950dd764e0888ec0da00e4b06bbce88080b51b0389d90","finite_element_reference"
"controlled_pinn/fem/tr3_circle_sl0p01_UnitT.npz","524370","d59553d3f734cc05791d41498f8ed3a0a4e74641cfda2bc97c49d3c83e2189d4","finite_element_reference"
"controlled_pinn/fem/tr3_circle_sl0p01.json","1592","5a6bea795d1ab34274e0326211b83cb09d759bff9805327eef8b03cd52f0033a","finite_element_reference"
"controlled_pinn/fem/tr3_circle_sq0p0025_Check.npz","35711414","a0125140d6bbde1c0fdbfda9f21809732ec88409eea4ec04173663f80acfd411","finite_element_reference"
"controlled_pinn/fem/tr3_circle_sq0p0025_UnitL.npz","35865104","3cddbd2edeb90d07d21ae672be06a95814ec10ee790211c5fa4718ade6b24577","finite_element_reference"
"controlled_pinn/fem/tr3_circle_sq0p0025_UnitT.npz","35957525","011d1714d6aeec63f928b67c8c49f9707b2b7d1db70fbd8d80df3968c335e491","finite_element_reference"
"controlled_pinn/fem/tr3_circle_sq0p0025.json","2005","a684a8b5df2e58ad0aeef709c5f1de3bf7d65003ad7f41e719d78e7717bf68e6","finite_element_reference"
"controlled_pinn/fem/tr3_circle_sq0p005_Check.npz","9054637","cbab0257a3f60ee5b03f5a68d2ee2f9799878cd513c5b4878c34d75cc3a78913","finite_element_reference"
"controlled_pinn/fem/tr3_circle_sq0p005_UnitL.npz","9093337","542446ce20b9ccc64118462e4d7eacc9f8514b4b73ac9b3f5e083f341e064f19","finite_element_reference"
"controlled_pinn/fem/tr3_circle_sq0p005_UnitT.npz","9118041","ea8e46b746429bcd63bda515ef7cd93f729beb19a1e04de39164cc13b3f4743f","finite_element_reference"
"controlled_pinn/fem/tr3_circle_sq0p005.json","1998","253df06e07faed9ea2a32a8be55ce12c9e13076ad1322b67450d55751adb815a","finite_element_reference"
"controlled_pinn/fem/tr3_circle_sq0p01_Check.npz","2249503","3b08e7f16dbf49a28eb39e9a66e28e8c81960237adde8c2b3ffbe32ac720f7d2","finite_element_reference"
"controlled_pinn/fem/tr3_circle_sq0p01_UnitL.npz","2259634","5677a79bfae0827c30fc9c815c76e0c9554c43ce95ff4273cf36bdee95b0d904","finite_element_reference"
"controlled_pinn/fem/tr3_circle_sq0p01_UnitT.npz","2265397","c65f1f9ab520690823fa8094bce5bc499a9e71e585df68c18c450d6abd7042dd","finite_element_reference"
"controlled_pinn/fem/tr3_circle_sq0p01.json","1989","ca5a8947d840b79e51c7e9b25bdbc6bf9229199e91fad457258db1b3fdac1877","finite_element_reference"
"controlled_pinn/fem/tr3_kirsch_q0p005_Kirsch.npz","9034669","6b558cba2d02472eefa9e2f0e81e14951fcd5902294da62030fc7bc97d18959d","finite_element_reference"
"controlled_pinn/fem/tr3_kirsch_q0p005.json","947","047a602fd0e6f7899c5d6d6abfa5f64558a8b0044e058389c8b2eac12c0c50aa","finite_element_reference"
"controlled_pinn/fem/tr3_kirsch_q0p01_Kirsch.npz","2248234","2a48a19c5ef330a6d05b4bfcaa3a1a9a3bd068b1a35155e99da8edf364de9242","finite_element_reference"
"controlled_pinn/fem/tr3_kirsch_q0p01.json","939","2d1fbb4a1514c889978dc6f674b2cc552671122ac56a906cb90a2a2472fc4325","finite_element_reference"
"controlled_pinn/fem/tr3_tunnel_aq0p25_Load.npz","21007238","783b88e7e675de0d263c37adb2eeced3ff97897217930e11ff136651b23316c2","finite_element_reference"
"controlled_pinn/fem/tr3_tunnel_aq0p25.json","983","2c6a8a11e2f0aaaab36f17df916277f25b83f979766ff6caf28499a4c1dfb217","finite_element_reference"
"controlled_pinn/fem/tr3_tunnel_l0p25_Load.npz","6002858","0208e84f7d7d2813ca7fa8acc54f62575adfdf1f887eee88954801237176b9ee","finite_element_reference"
"controlled_pinn/fem/tr3_tunnel_l0p25.json","818","a3974e1a895654dc63120d82ba6152b99ba68f813b7166a5bf9bcf4590ba06e9","finite_element_reference"
"controlled_pinn/fem/tr3_tunnel_l0p5_Load.npz","1495743","23233981b0a6376627c3df372be3d3cf7bd6fc054c52933be401e02a9073788f","finite_element_reference"
"controlled_pinn/fem/tr3_tunnel_l0p5.json","808","e92eb64f72a4045b7e93b105cfcca5d1fc60ef6b10652119f0b1e233b2a62564","finite_element_reference"
"controlled_pinn/fem/tr3_tunnel_l1p0_Load.npz","449294","937b32a89cdb64166cb974a7bcc3257f58a4df07b3f02ca703c0a3911d09cf86","finite_element_reference"
"controlled_pinn/fem/tr3_tunnel_l1p0.json","803","46654072ce7d7bf9364f9312fb00ab2f062695d5fea8eda6e0574e2bcfca9521","finite_element_reference"
"controlled_pinn/fem/tr3_tunnel_q0p5_Load.npz","5383522","54a650f044b9f412dca9bc29d936057d6d879e83264c3ed927443fff111bd8c9","finite_element_reference"
"controlled_pinn/fem/tr3_tunnel_q0p5.json","849","a4d7fe449bc05880059f8a9861a86f204c2cd89342d77cb968befbaeb0b605c7","finite_element_reference"
"controlled_pinn/fem/tr3_tunnel_q1p0_Load.npz","1620193","b57b7b1715e88cb963ce6edcb51a0d21ad78108203450298f6c6b72ae2e75d14","finite_element_reference"
"controlled_pinn/fem/tr3_tunnel_q1p0.json","847","b5a719bbad391d3558bef2067b9543a8bf9f1c12ec13afc43758a90f96fecde0","finite_element_reference"
"controlled_pinn/fem/tr3_tunnel_tq0p125_Load.npz","83674460","7b2f6c015c52edee54e9267de1136d24ce837bfa3df5c1f617a323c573b60653","finite_element_reference"
"controlled_pinn/fem/tr3_tunnel_tq0p125.json","882","0ff94218d6c174ffaedcece870638804820a62e523b4aa636342c8b632d8aa35","finite_element_reference"
"controlled_pinn/fem/tunnel_common_probes.npz","32105","f8d826d53be833d55d8a3e2090fed1dbfab1357baf04c6fb84dbe33c71314bcb","finite_element_reference"
"controlled_pinn/fem/tunnel_probe_reference.npz","417818","d3cdf4576f9c40881f7d42ea7f655ca8ba40f4ea9b817dc7f792aaeb890a23d5","finite_element_reference"
"controlled_pinn/fem/abaqus/tr3_circle_sl0p0025.inp","13795700","4b10eaa928b4a2ace037438efb14f7ddfa1042773cf48c933564e98215c29cc6","finite_element_reference"
"controlled_pinn/fem/abaqus/tr3_circle_sl0p0025.odb","67455860","9bc6360188f2c77886939321afc94fe97ee3b25052794c1eca448dc9bfb6f365","finite_element_reference"
"controlled_pinn/fem/abaqus/tr3_circle_sl0p005.inp","3312543","d8f18b3b2778b40fe2801a8ae3a8ab8501f1c6c806c7db17cd2e197ca8b9b3a7","finite_element_reference"
"controlled_pinn/fem/abaqus/tr3_circle_sl0p005.odb","17113004","867777e0da9b1e2462168b29f1555a1cc790201d760a40f051b71e3fc67e9263","finite_element_reference"
"controlled_pinn/fem/abaqus/tr3_circle_sl0p01.inp","789917","872cfec480983e2aca8ed02394f2928753009099188e81bbd668b033c888dc16","finite_element_reference"
"controlled_pinn/fem/abaqus/tr3_circle_sl0p01.odb","4485716","4353980dc6c56185ec0a55e480056e2b3c2476a13b0713db38af37f7b5c1f08d","finite_element_reference"
"controlled_pinn/fem/abaqus/tr3_circle_sq0p0025.inp","33796247","07d9c63078546ab8885d731c9234277964d48b10cce9cda41879b3e25fc48d7d","finite_element_reference"
"controlled_pinn/fem/abaqus/tr3_circle_sq0p0025.odb","225124540","e64f827478948f6ba609c7ad3514c78aeb9f6e144a3a13c242262ee768904f60","finite_element_reference"
"controlled_pinn/fem/abaqus/tr3_circle_sq0p005.inp","8245947","39c278302382f87a4637abd920c031ed0049ecca10ddf3b7e45d51c9ca6b1e26","finite_element_reference"
"controlled_pinn/fem/abaqus/tr3_circle_sq0p005.odb","56517276","313c3c7cd56bfb47d9117d98b1a0773446b6ab60fb7c10b7b096a10f4679b063","finite_element_reference"
"controlled_pinn/fem/abaqus/tr3_circle_sq0p01.inp","1998241","db5191ffaa30f0fb8a3e3cf6989db34ec4da060aefcf61d78cbb5b448184d03b","finite_element_reference"
"controlled_pinn/fem/abaqus/tr3_circle_sq0p01.odb","14258252","bb44945dfbef242a04490be7f9de72c8a0ef7bc9fc76aa4d2c394051345ef14c","finite_element_reference"
"controlled_pinn/fem/abaqus/tr3_kirsch_q0p005.inp","8317716","2949649e40cfba3b833ff7acd5179cd6e9f8b6e3623cd3ba87a231e370a8d690","finite_element_reference"
"controlled_pinn/fem/abaqus/tr3_kirsch_q0p005.odb","22523704","a58554536788c91fe4e27da10a0ba56d296070e246e270dcf8ac48b0e5083b34","finite_element_reference"
"controlled_pinn/fem/abaqus/tr3_kirsch_q0p01.inp","2032852","e807530bd7a2841177e4d7eba2506b71a817e3aedb6c3e70e26eb312344fd5ee","finite_element_reference"
"controlled_pinn/fem/abaqus/tr3_kirsch_q0p01.odb","5743616","8fbe5af169de5282564a46ab9e2e10389d3c4c53cae2759dcd804fbad1754436","finite_element_reference"
"controlled_pinn/fem/abaqus/tr3_tunnel_aq0p25.inp","18791414","8bae08abb202435909eebb8105d65863c380a644c480149338f28a6469bcbe34","finite_element_reference"
"controlled_pinn/fem/abaqus/tr3_tunnel_aq0p25.odb","49911840","c8f1e6823419e6d233fbc7a51b952e29d26c073eb77d4dae165de81387931f7f","finite_element_reference"
"controlled_pinn/fem/abaqus/tr3_tunnel_l0p25.inp","8074542","c5c17c9ccdd3b954e48b1fe5d30e86b61bc1e596485752715e0eda7a397ad7a0","finite_element_reference"
"controlled_pinn/fem/abaqus/tr3_tunnel_l0p25.odb","16583232","6dcb84d9bbde7271da9b9784ddda01ef3da099ae0c149fed88f027cdd6e87e1a","finite_element_reference"
"controlled_pinn/fem/abaqus/tr3_tunnel_l0p5.inp","1899237","8b578c21ebc4dddf575bb5026d81d766dd07c66bc670be96e72b973e93a78500","finite_element_reference"
"controlled_pinn/fem/abaqus/tr3_tunnel_l0p5.odb","4339320","dff4b48208eb5512ca482fc1588b7bc7f9af2b5b32fd1bbfcb744990d0810253","finite_element_reference"
"controlled_pinn/fem/abaqus/tr3_tunnel_l1p0.inp","534014","3ee7aa65a0f5a46b315edf986d2ff28db1b51181ff3e9a92e6e47a15a6049a75","finite_element_reference"
"controlled_pinn/fem/abaqus/tr3_tunnel_l1p0.odb","1466656","8db0e5a3da2627677b39f8dc0c22173e73949fb810a36678dcebaec1d721d382","finite_element_reference"
"controlled_pinn/fem/abaqus/tr3_tunnel_q0p5.inp","4574530","0d010dac1b29018195fed160c973c03c0ca7e5ee0112f29752a9643f5441b4c7","finite_element_reference"
"controlled_pinn/fem/abaqus/tr3_tunnel_q0p5.odb","12922616","dc897cb3b75c4f45c3d324efad78964c31e1c082fe2ee72bcde1ccc1ac678325","finite_element_reference"
"controlled_pinn/fem/abaqus/tr3_tunnel_q1p0.inp","1367137","262b5a24041725d666c86294bd66a32271a60c10200206157aeace6449c78ba0","finite_element_reference"
"controlled_pinn/fem/abaqus/tr3_tunnel_q1p0.odb","4035176","6fe0f0cfbabcc128f10afe01d27a1c323a3d2942fd15d7dd954ace70e8a25b5a","finite_element_reference"
"controlled_pinn/fem/abaqus/tr3_tunnel_tq0p125.inp","89686983","817faa0b07984e04c258f06d7a08887086826b730e8b5f7413cc3fe34467056f","finite_element_reference"
"controlled_pinn/fem/abaqus/tr3_tunnel_tq0p125.odb","240191392","fb2fa5646298a79627c1d18d3b661958696bf104d8bba4fb669efeb2a28e1a0e","finite_element_reference"
"controlled_pinn/fem/references/C1.npz","30041137","6a98cef0246a5aae9c0f3d0e7856cd3a5a28813533ef24bbca0b3265acae66b3","finite_element_reference"
"controlled_pinn/fem/references/C2.npz","29021130","049e6bfb369ff08d3d2cfad7c0a40ee671461078ad1889bd2f35bb5d0295d1d3","finite_element_reference"
"controlled_pinn/fem/references/C3.npz","30543899","e8ed2b9a522780f321bff675e8418ecbd17c66da6cf9ff1f0fab574d3731545f","finite_element_reference"
"controlled_pinn/fem/references/C4.npz","29616506","74597801bbb3328fa87fe56d88db286aebcef09a1bffb93de999ff3f6235aee1","finite_element_reference"
"controlled_pinn/fem/references/C5.npz","30494869","83ad7ff8415ccc59e34dd656db1485f9cb52bc768477b4e8d69657244880b1c0","finite_element_reference"
"controlled_pinn/fem/references/C6.npz","29069163","a5f17ae32db883f11969cd961825381d597df9ca8e2c0c9bb0e4a7140cefb36f","finite_element_reference"
"controlled_pinn/fem/references/C7.npz","30017283","f19d902bf8cf17d707817b8967b2487c4f81ac8460548a417a1499bdd929352c","finite_element_reference"
"controlled_pinn/fem/references/C8.npz","28956539","ddbde4891c138531555a37d4a06112365807f4e08d562a3f2651a3adf3dcb7d0","finite_element_reference"
"controlled_pinn/fem/references/T1.npz","61901416","5642a82bc1b9c55a3abdebe95954d7a89b608df76d11eba952d6fb78cf5001fc","finite_element_reference"
"diagnostics/code/diagnose_dem_history.py","6857","028f21c8c7b20f8c5bc51da9d36e872a1e23f12fa0a642a014ca44b52a37d069","source"
"geometry_pinn/code/audit_cavity_cover.py","6262","c2ce1db601b30263477dd42d93a39731bb9ac5aeab177a69ccbcd9dca8cfc5a8","source"
"geometry_pinn/code/audit_close_p2f.py","6334","74eef1addaadb3c79f12e3c2ad085f5a8287606296a029fa267faaeec7e8f422","source"
"geometry_pinn/code/audit_close_p2g.py","4164","67bfb127d31ca515f8632bbdca048d753bdfec255de63e8185977dda8c9be666","source"
"geometry_pinn/code/audit_close_p2h.py","6435","4370e095927bc798805697cb7951de9a5c86d5a8787661c7db61cfa50614314f","source"
"geometry_pinn/code/audit_close_p2j.py","7180","50cae67b6cbb1948e998e1f5832babdb1de39a48d1ba9673d4a571a0d7d343bb","source"
"geometry_pinn/code/audit_close_p2k.py","8571","46aa216efd5a43e08ea4e4c251c9277f394644a47bfeb78354b31d8a958dc935","source"
"geometry_pinn/code/audit_close_p2l.py","6942","2162c12af888d15d10ff31e350d42f15c36c3e992dd03a522ad5a9fe7a38a3b2","source"
"geometry_pinn/code/audit_p2m_representation.py","8839","27bb5a507ef3e952f7c618f23f0835a63f72b38afee0110c259fc4f3ea571115","source"
"geometry_pinn/code/audit_sparse_mixed_coverage.py","6341","c9b2a471c2e6206b8f9cffbfbbbad3ceb7de48054d4b108040399e5a7dac4a79","source"
"geometry_pinn/code/audit_sparse_mixed.py","5714","b051d9a965aa0c7934d87cbdfa0a8c30e11e688cee123a4bfba48cbb605bcf65","source"
"geometry_pinn/code/bench_p2l_worker.py","8828","9252aca5a5c134105c7f108604523b78557db4a3b1bbd480062c2c7da82b5bb6","source"
"geometry_pinn/code/bench_p2l.py","6006","d9402d6d106c4a7bc271b09a10057c640b947e8ad4bef6bdad383045cc8dc37e","source"
"geometry_pinn/code/cavity_cover.py","7167","f17b9cf9fafaf91cda4a7358c58d2436b7df1fe55c79c0d49008ee3469aa37c7","source"
"geometry_pinn/code/check_strong_partition.py","5853","56cdcf2068f58c49b6c78e59b99722ad3355737e94609962cf19434b0b7d0086","source"
"geometry_pinn/code/diagnose_p2.py","4533","0fcaef0979db24bde4d5443d54944be95ea6273f39e5961d4ef58480b2510f76","source"
"geometry_pinn/code/diagnose_p2g.py","11510","78c35710023b1b7e82fbe917467de9d185a2ed37dfcc4861d6603656f5727522","source"
"geometry_pinn/code/diagnose_p2j_reference.py","5449","344ec9071a2acea97a9efbee277ff38dac3336da1d36750a8a6b0974652b4d28","source"
"geometry_pinn/code/evaluate_p2.py","12948","3740f9ea36aa1b6e4136110820911137a43a440c9e63a0c3530fad1e5b13098b","source"
"geometry_pinn/code/evaluate_p2d_engineering.py","9546","5390ce0f7058baccf6d3e53feb222d977a52d9488653a7daee8ba138415709bd","source"
"geometry_pinn/code/evaluate_p2f.py","7162","aaf97aa2caee277247510f1dbc09e0ffb872026c3784db43ee33d1fbc345f833","source"
"geometry_pinn/code/evaluate_p2h.py","9376","8191e0b8f5d0ae0325a5059201cfc0ba0ba84e8f1a6e7bb839ae4db5e97621ad","source"
"geometry_pinn/code/evaluate_p2i.py","13557","a7894af155c696180d109bdf62c4cee718af3cf06fbb0f9cbec9493e2fb789d0","source"
"geometry_pinn/code/evaluate_p2j.py","15024","2b1cbf3dc04b2b4cb24752b94f75ec4d1504f30688b2faa90548a35e33fc8d2d","source"
"geometry_pinn/code/evaluate_p2k.py","9250","3eca87db850a413496bf1a7ef6bd003ed4969b4fdb5ab159f79b97d31cc645dd","source"
"geometry_pinn/code/freeze_p2i_reference_stop.py","3871","ea309ba05f9001bdb049a41f90c4b63fe511512a33704405087ce9699ea4c4de","source"
"geometry_pinn/code/geometry_primitives.py","10692","a304116b2eb47d3e1dae1c9d32df4eb3f7cb752eb29ec9b86c5e3dbefc3c2065","source"
"geometry_pinn/code/inspect_p2j_boundary.py","3624","edfacfce992c6f884a56597a63b01355fed3fca3068225d3bf88746ec866415a","source"
"geometry_pinn/code/p2_components.py","6417","20f741c19f487e3fa88776573d6a3851ea9b4db48cab37e80145f21ee2e3a444","source"
"geometry_pinn/code/p2_fem_interpolation.py","4586","de3abe8f0a1bf0c4f30214d93eb489420d12131b1d9fb27b873ce965e61ca3fa","source"
"geometry_pinn/code/p2_observed_lbfgs.py","8451","6a47fb04c8cd45893568c6e858c7545b35b3cac1c7ba64f5867c8374cc0eda63","source"
"geometry_pinn/code/prepare_p2_shared.py","6957","57d1aeda0e0ff6687b8951414c4e76b5c03f672f68b63f4dd1c53ff9d151fcd0","source"
"geometry_pinn/code/prepare_p2.py","7416","ee15816d2e3177d7f368162bad4bc3a9b8f63b5eea99b9d11fb17ea1d8f1522a","source"
"geometry_pinn/code/prepare_p2f.py","5557","202b687a26b8bf282f1e0b0add92d83b8daae736e63f68f42df9a41322384139","source"
"geometry_pinn/code/report_p2_shared.py","11749","b362bb3e15ed740c738439bd159f1f4f72864cc388254b83b2ecbe9f0a19d022","source"
"geometry_pinn/code/report_p2d_engineering.py","13354","f082f792f1a6f43f6e4dc4e58da8cbbb81319fcaa8e8c72da6e2b1ffe499bcd3","source"
"geometry_pinn/code/report_p2f.py","16832","c76e632725b14e2dbdcc594dc8483710e3bb982d97a828a1beb0f0265a9821e8","source"
"geometry_pinn/code/report_p2g.py","15298","c4da818514769504410fae515cd427fb3442ed7cfbcf7be889399af2bff24a1f","source"
"geometry_pinn/code/report_p2h.py","17358","40c652b7305dd32c00e3abf228b691c6a957cbc3ed55111032704aa047ae2e32","source"
"geometry_pinn/code/report_p2i.py","12338","1e42caf1227eb5269fb478784944777e40479dcd1097b6139db59d4dd2de2968","source"
"geometry_pinn/code/report_p2j.py","19875","f89cdc1d034631f0982050d389c15daf186a6540a4f52a6cb76e4eccd5989533","source"
"geometry_pinn/code/report_p2k.py","20506","9ba9fc94612cab69e7f1a1a9c4f909493602894d92168591e6cf173610b33c74","source"
"geometry_pinn/code/report_p2l.py","19537","5f028aa5619327d7575e38f17a774dec119227f416cdb31f2fde42aa1fdfe1fb","source"
"geometry_pinn/code/shared_geometry_budget.py","2612","7ccf396dbef165d708a4862fc9e4b1f1152251e3b003e8c94b9598da085fca5d","source"
"geometry_pinn/code/shared_geometry_features.py","3656","c4d686516b904e9a2282b16e2ad61e10540e73ca47f2ddc11cf80c880e1365a9","source"
"geometry_pinn/code/sparse_mixed_pinn.py","5452","ebb393c5647757de1e3211985e0b605f93b43725febe1aea560e447814811d15","source"
"geometry_pinn/code/summarize_p2.py","9429","c3020ab2c328595d0ca67f1c17120709d98485dff80190eb6ee29d95d37eae25","source"
"geometry_pinn/code/summarize_p2f.py","5617","459093add8d0bc41b6975eb8a31ce4e3892e71224dca1091533f76be0115dfa0","source"
"geometry_pinn/code/support_probes.py","981","09f2ab066e6c3360a67f8a39011e5403f22a4e54fb27865f72ae8c64fc9dcbcc","source"
"geometry_pinn/code/train_p2_shared.py","7376","9c834235a7219860e61793f295207abbcd7cc429f1a5797f43feec71a42914ba","source"
"geometry_pinn/code/train_p2.py","7072","322c71e4e1aab6368b5bb9dfb9147d82df71cc7609277abb257c457e0fc36e15","source"
"geometry_pinn/code/train_p2f.py","7686","90c4526f3d9e8db6dad4ff16be8a0c06092402513715e83bbf588e8f467b6618","source"
"geometry_pinn/code/train_p2h.py","9966","d43218889edf81bbb18c23cb2affb6acdd215b1ed962f95c7372047e74daa3f2","source"
"geometry_pinn/code/train_p2i.py","11356","f6aee8eeb686564c8cf761aa152a1c497bd48cbffacf091fa15aab22a3e65101","source"
"geometry_pinn/code/train_p2k.py","1726","e7c2f2826895db8f11766ccd2d7fed9e937eb80970220c44f7e996f78641e376","source"
"geometry_pinn/code/transfer_evaluation_helpers.py","3123","3d68bf02aae3b33ed9cf7a70380aa077956758c2dd77805d05b2afcc2ea1a4e1","source"
"geometry_pinn/code/transfer_mechanics.py","5587","ce76dfe6077ae5e4aed381d3a8b2c62ef914b160542dd9cc9e649e21190a899b","source"
"geometry_pinn/code/validate_p2_shared.py","5536","290248c49ca8b74c9ff04815eb88e45df7b146b1e22baca600844db24cebb64f","source"
"geometry_pinn/inputs/cavity_geometries.json","9708","75f94ee3d4eb3da1db99ead97550a75d54aa572b77a3dbe96782135bc631a983","configuration"
"geometry_pinn/inputs/p2_reuse_provenance.json","902","e03834689b9749567fef6cb9eaec0649f2f953eac1e9878d9c18da7c0f33d273","configuration"
"geometry_pinn/inputs/provenance.json","830","1bcc862803f17d42b3f8486d8485e51c043e7b15ef85a1adea769e7b908da349","configuration"
"geometry_pinn/protocols/R2_P0_operator_check.json","1343","0cd93c9a5e5c758d448db05b4de521b9cf08c77d4ca0b032f0402da1907acaee","configuration"
"geometry_pinn/protocols/R2_P1_geometry.json","2336","1544ffe29bea4a633940b913774c32302cb38b1a5d3c4e61f9739938e7ecabc8","configuration"
"geometry_pinn/protocols/R2_P1B_sparse_operator.json","1604","14039ad3d0d062b1c9f8dfffb14057c9a2187823bd9292c55769027c179d6003","configuration"
"geometry_pinn/protocols/R2_P1C_support_coverage.json","1615","da61aa78f2d1e9b95fe47bc644ab75b5c0a3f5e3a6994f96c34793b9d7ce4daf","configuration"
"geometry_pinn/protocols/R2_P2A_development.json","6108","0f12dc35631dda2035f6c98ab947db285d07dccbecb5f45e13285e85e68facad","configuration"
"geometry_pinn/protocols/R2_P2A_diagnostic.json","1244","64bf85040fd5b054cf10d4bbac897ac7de9760d1ed79e02d007226db15b5ebea","configuration"
"geometry_pinn/protocols/R2_P2D_engineering_exploratory.json","4274","adb0833e8b9b3bb62fe3a662b299cde9234cbe322c7b58a69d06a556af90e475","configuration"
"geometry_pinn/protocols/R2_P2D_shared_features.json","4906","8378a45f450b8da3dffa717b31ec7023acf37ef0b2e4da652719ef69037d285c","configuration"
"geometry_pinn/protocols/R2_P2F_repetition_budget.json","6167","356e6e4fb08b0de99749cca7e7f60cff7506cbf89a4a6054fb53bfd7f76f6a6e","configuration"
"geometry_pinn/protocols/R2_P2G_frozen_physics.json","3922","503d065f282a316e65fae52173446fab16bb00b25127f2cca092a5390299c996","configuration"
"geometry_pinn/protocols/R2_P2H_sampling_intervention.json","5210","02c0f9e5f41c432503459c02a82767a446a280c350cccb7da432b07972b3a5ac","configuration"
"geometry_pinn/protocols/R2_P2I_shape_transfer.json","5791","ff7467b2c03dceccb8ff3c6182bc7eadf842df6151335fad47e1468077908abd","configuration"
"geometry_pinn/protocols/R2_P2J_reference_repair.json","2565","30f8633c3312d86141f0c03fb9f970b8dc55949fdf5b0a9c4697a2d262e3ff49","configuration"
"geometry_pinn/protocols/R2_P2K_seed260931.json","5150","47fa3e0d32a1ac7e4302d364c50ed1853a087dff96511fb82e881ffe5727e408","configuration"
"geometry_pinn/protocols/R2_P2K_seed260932.json","5150","91efc44e39561013693bbf9e49d620a7b54b70ec1e815ec687173c4c621543fc","configuration"
"geometry_pinn/protocols/R2_P2K_transfer_replication.json","3506","bef353353356ae5d99842c99c5537e1f597d303cc55e0567d6e8cd3e114a7712","configuration"
"geometry_pinn/protocols/R2_P2L_formal_cost.json","8584","24684e880b7ef45aea291d68fa081c46059156527df67d60e324f0d68681e5b6","configuration"
"geometry_pinn/protocols/R2_P2M_representation_audit.json","2253","8b3d06eab56e770cbca968de68fb88540c8b5900a965bda4d0f99bd8984d9356","configuration"
"geometry_pinn/results/R2_P2A/evaluation/C1_reference.npz","43825256","6e005cd1d3aca7a492255f4111a317fdc547a182fb8cfce91a5bdfddb7c9d78f","finite_element_reference"
"geometry_pinn/results/R2_P2A/evaluation/C8_reference.npz","42653618","fb0139e5d00103be788d71fdfcc8a149da708ba88c45055ee44b8f468dfe30d5","finite_element_reference"
"geometry_pinn/results/R2_P2A/evaluation/L1_reference.npz","57697828","f19534c625e17a5c34df08909c307f32adf4d743eec47e5c9bbf67fa08b9c35b","finite_element_reference"
"geometry_pinn/results/R2_P2I_shape_transfer/evaluation/T1_reference_checks.json","390","60347c878d162afc69f43643cf3899c39c587934d31980c31d5a18ca5357db18","finite_element_reference"
"geometry_pinn/results/R2_P2J_reference_repair/boundary_geometry.json","1692","2ad07ceb41ff590e465129ee5607f30ed5bc0169884b9af287012bdb39086136","finite_element_reference"
"geometry_pinn/results/R2_P2J_reference_repair/diagnosis.json","1979","975a6036589d81f0caa3419f7f0ab2e1ebdedf9eeb8550cb6eae82580729d127","finite_element_reference"
"geometry_pinn/results/R2_P2J_reference_repair/localization_arrays.npz","106560","2edcc9b8ec461a248b706fef64ae5ec46feb2e9eb1f5879177912c3596079abc","finite_element_reference"
"geometry_pinn/results/R2_P2J_reference_repair/S1_boundary_geometry.npz","60087","f28c1be7a54fb41c11dc22cbafd33db7d70ef1eddeb9a2c6cb1731e6cee98fc3","finite_element_reference"
"geometry_pinn/results/R2_P2J_reference_repair/T1_boundary_geometry.npz","502544","59d56f030d1cac6749b205501d3aefe5c3ef507f33f429717b4d0883bde05659","finite_element_reference"
"geometry_pinn/results/R2_P2J_reference_repair/T1_exact_mesh.npz","26904608","c5455cf99e063548c88c9c4f6a702cc94a55f43ac36afdfa2899654f5f0da61b","finite_element_reference"
"geometry_pinn/results/R2_P2J_reference_repair/evaluation/S1_reference_checks.json","984","ff7ff789db8dd302da21f997bc16670972ca07cec49f6c18cef0c228c9724a01","finite_element_reference"
"geometry_pinn/results/R2_P2J_reference_repair/evaluation/S1_reference.npz","46163332","03187ae07b6c338b3deda83c535bb29c6dd953333b1326a1a840cae5a53508d3","finite_element_reference"
"geometry_pinn/results/R2_P2J_reference_repair/evaluation/S1_wall_offset_audit.npz","76877","d6476634a9d6a48dfc6271d1585eea77b4a42e481466dd460b50abfbd736d2ce","finite_element_reference"
"geometry_pinn/results/R2_P2J_reference_repair/evaluation/T1_reference_checks.json","994","e7adf60b7d3507618f112668cae2057a9845e7b303bf814752665fe8e2e9031f","finite_element_reference"
"geometry_pinn/results/R2_P2J_reference_repair/evaluation/T1_reference.npz","112227642","0d7781f276f6378046f2aa681f5aca98f8dcd0e94456655c00dde326404218c2","finite_element_reference"
"geometry_pinn/results/R2_P2J_reference_repair/evaluation/T1_wall_offset_audit.npz","124978","854c25a1638fb4e9aba1a50f31ac1b49164148191bfe27f0a4d3863a47527484","finite_element_reference"
"validation_and_cost/checks/shape_reference_verification.json","20466","da4f693a5a36b440a0e8eb72722d7cb80a0c9d1a079e57b390fc92b29e7d7c5b","finite_element_verification"
"validation_and_cost/code/analyze_c1_cost.py","15701","33288eea119af3503de4034083395f163e827f6a6239b1f12be60deb8c82bf0a","source"
"validation_and_cost/code/benchmark_c1_cost.py","14245","4c4ed6f9a9df6566561f2daa1920a583eb267873a8330d78cef2f0abee421aef","source"
"validation_and_cost/code/build_shape_references.py","6579","3e74509da550cb600d7484360ea8154314c07cc68586e90d05217a3281163812","source"
"validation_and_cost/code/check_full_shape_references.py","8522","28fc88ec82fe7abc5207c8ef405d0506db07bdc7007582eed383eccf09f5b2fa","source"
"validation_and_cost/code/check_shape_references.py","11643","14b8b8ed58fb1672b77b0bcd0a622fef9cd63e8b2563d1b22d4e9791aa037810","source"
"validation_and_cost/code/complete_stable_dem_coverage.py","1801","91d032473a9d46f29fd8ea2675bf24b48193baf45156374b9610faa6723a197b","source"
"validation_and_cost/code/cost_runtime.py","7518","1e1946d0dbd33df16af6bdfd225878a1ad57dee5786605ffbfc4739ee9a37f8c","source"
"validation_and_cost/code/diagnose_stable_dem.py","3394","b97e2abdcb7d77590a660df251edea334245adcec0d436a9da1a87466fb7a353","source"
"validation_and_cost/code/elastic_sources.py","6620","86dc9b4d14179d25d4d105e15c4edaabd0855239baf597315f5697bf9efcf1ab","source"
"validation_and_cost/code/evaluate_cost_fields.py","6447","30d14753bf56ffdfaaa79830c9f0ecb7d8d639d76187f2559315cef5d624c603","source"
"validation_and_cost/code/evaluate_elastic_gpu.py","3915","232b4949c932f09ce14919ad659bdeb09887d36c3ccac9f623966a42c2d1cc16","source"
"validation_and_cost/code/evaluate_stable_dem_coverage.py","2862","b1088fa132d33dd0efdb7907909c0c172175863f3c81a83ee37d418d50d7ec40","source"
"validation_and_cost/code/evaluate_stable_dem.py","3377","b640e57b8fc03eb490f995d4b5766bc21b0013651bdfd4b68d50577541fd2fda","source"
"validation_and_cost/code/export_full_shape_references.py","6683","f56c6cae2001e078acfa23cff149d18cbe2ab7630aa9c329e13a5be767e591a7","source"
"validation_and_cost/code/export_shape_references.py","6500","b2ac4504a07bc4cf43828cc68506c68661c749f7eba11992c192a8207f9ecf48","source"
"validation_and_cost/code/features.py","6324","574957431298b26196c7a539a530fa28f9816ff47d3944072baf44258d4ade50","source"
"validation_and_cost/code/finalize_stable_dem_coverage.py","12509","834385edb0d3f0ba7d848603dcb1a386cb758c6a0e6368d523cc997556434aa2","source"
"validation_and_cost/code/finalize_stable_dem.py","10030","71b8615ac1e446c6c89ffcc6c5056c20dcab62d480314a6e32d260e5f18b314b","source"
"validation_and_cost/code/geometry.py","10692","a304116b2eb47d3e1dae1c9d32df4eb3f7cb752eb29ec9b86c5e3dbefc3c2065","source"
"validation_and_cost/code/linear.py","3318","1ade03420b86be077cd3fdb7c54d61fe59415b678665c8ffda013d671f184f06","source"
"validation_and_cost/code/mechanics.py","8230","5236fb3866d735ffe2741e0bb1633c851b8a583c81ee68b1b64c696482fd9387","source"
"validation_and_cost/code/problems.py","4043","3e6697aaefc13c42090aece089913e2043bf2964eaf50ac5d3bb63d517cfcd83","source"
"validation_and_cost/code/roller_sources.py","5864","028c5e21dc81c42ef100556f45c89d67f41a6c53fa233158bbf901e8c413ad86","source"
"validation_and_cost/code/run_cost_benchmark.py","14084","a5375bdf8385ee2e7b3c3c00fdd5ff271097d4123b963dce416127e5d6bfcf66","source"
"validation_and_cost/code/run_elastic_sources.py","16462","16207bbcad8f5e008df0b36a8c8cf63d443df5407687ffca67d02220cfe36e98","source"
"validation_and_cost/code/run_stable_dem_coverage.py","8088","87eb88e690c14c3d65bc3cc8ea1f0178026161250fe7348934326ba8133d6497","source"
"validation_and_cost/code/run_stable_dem.py","12996","95250414464f076811e016e52d65e0e7afb2e825e1cedccc36edaf8e14707ed3","source"
"validation_and_cost/code/slice_quadrature.py","4054","877fe8c7e73aad10f8b8fd6b8ec7fd7bf56fa3cfa84fe41f2ce4a9787bc5b236","source"
"validation_and_cost/code/stable_dem.py","6608","a45e0e64e4085071d6346ffb08b63760db9e85a60e669e0bfd603cc19af4a3a7","source"
"validation_and_cost/code/verify_cost_instrumentation.py","4289","9af6ce8aad1c500262ec012c34fd3c35267198771deee3a5d1c40bc2d81ccedf","source"
"validation_and_cost/code/verify_stable_dem.py","4379","baf79ef26f0ecabd2fce934f49099a2d8a5c8ab1c10785cd9d094b33cf3c8a9d","source"
"validation_and_cost/efficiency_evaluation/C1_plain_gap/common.py","1505","c71f9008272b7a930e2c8e6db473344c05cb9765e70afffdb37a129a7b6e0c09","source"
"validation_and_cost/efficiency_evaluation/C1_plain_gap/finalize.py","16032","4c3a8f54a6d8f657a4bdfcffc4026df16256f4fbdd2d2d54d2c0650082501999","source"
"validation_and_cost/efficiency_evaluation/C1_plain_gap/inputs.json","49922","d587999615ee1d6802748cbe969b71b8d40e01196ce7b417e9e5ff329ebd5f86","configuration"
"validation_and_cost/efficiency_evaluation/C1_plain_gap/post_evaluate.py","8200","13d13a4ef3a3a7a5e67662b520a0f33732fd5c5df360dec5bece5af92dce9861","source"
"validation_and_cost/efficiency_evaluation/C1_plain_gap/post_metrics.py","5282","83d5d3ea9fb7a23834b7c0191b1af0f3b14030138503540f86ae3ae60063f9f9","source"
"validation_and_cost/efficiency_evaluation/C1_plain_gap/prepare.py","10479","583198730518ead22a5906e84701f52bcae012386aeb177bf4ae0849ff42be30","source"
"validation_and_cost/efficiency_evaluation/C1_plain_gap/protocol.json","22197","9fd5880fa11d6cdd1a6b0c22303d01157f8d94d3f2cdea8d1dd7d8542bd1fe55","configuration"
"validation_and_cost/efficiency_evaluation/C1_plain_gap/supervisor.py","8259","ecf82bea457e8cb5a5c4dd71f71e3194162753133b026bf94b0fd64b413dde32","source"
"validation_and_cost/efficiency_evaluation/C1_plain_gap/worker.py","11854","54ed2ef8eeb65bc25f07003715a69d652ff5b6d70814721b5d7c3e7dc4e1157e","source"
"validation_and_cost/efficiency_evaluation/C1_reference/analysis_plan.json","2732","cd1adae91523cec6d129de64d9f294807ca5bf270e8862434655b0ca5664d36a","configuration"
"validation_and_cost/efficiency_evaluation/C1_reference/protocol.json","115443","a518fa689408be8399b11c51675e0205ef851faa54695cbd0d1303977261b8e8","configuration"
"validation_and_cost/shape_references/completion.json","471","fa8c4b17217c64b617648ae1e7ed10dabaf3d7f6333a8f737fd46ecb18f83c2c","finite_element_reference"
"validation_and_cost/shape_references/mesh_manifest.json","5314","5297424c49e7e180ec6b66109615b970ae3cfd685cfde836bc34688980881feb","finite_element_reference"
"validation_and_cost/shape_references/protocol.json","1398","41a7c640e175c7a642cdaab9969b081a0f8256c51850e1b88ec38dda5ace3004","finite_element_reference"
"validation_and_cost/shape_references/tsr_slender_g0_Load.npz","354232","9dbb5502f14895d5cbf55abb697ab947abcb8d67e610102818a8ca0c7ada36fb","finite_element_reference"
"validation_and_cost/shape_references/tsr_slender_g0_mesh.npz","65064","49099c68320f6a2f6820a67dc6deac63000891f65cfbf282d5c9737fc671ee6f","finite_element_reference"
"validation_and_cost/shape_references/tsr_slender_g0.json","1380","8b74cd2f423e5db8db346bcac36b4d4300eb6618a7c5a2d8d4c8845f98bd3cc6","finite_element_reference"
"validation_and_cost/shape_references/tsr_slender_g1_Load.npz","1420178","2ba2307440e8d4ef8195599b92b964510ef93e7c39c928d9d7901beacd3fc35c","finite_element_reference"
"validation_and_cost/shape_references/tsr_slender_g1_mesh.npz","257444","c3521b96a004c443683c7fde6d6f0c7d9116f71d4608a06e053a7bf70a57b732","finite_element_reference"
"validation_and_cost/shape_references/tsr_slender_g1.json","1383","b9ed893a0b016ca6822c125b9f262829a7ae36996a417bf7c9d3e27165ac6fd7","finite_element_reference"
"validation_and_cost/shape_references/tsr_slender_g2_Load.npz","5628388","311eb537b0fdd0f9106c3e0e6d25d212bad84990cad75331ea95e70cd47f7e02","finite_element_reference"
"validation_and_cost/shape_references/tsr_slender_g2_mesh.npz","1023776","4ebb7b960cef217e67f2635f4373bb648c36ad8b04fbb96add0d9d26e618361e","finite_element_reference"
"validation_and_cost/shape_references/tsr_slender_g2.json","1378","85d51e2c70edab46d2351fa39c7e120d4619657dd6e9031177090fb032a02846","finite_element_reference"
"validation_and_cost/shape_references/tsr_slender_g3_Load.npz","22244007","7d62f66be9f112d02e1726b055ba1b80e0bc9ff9a0d95b3af276ea75986bc568","finite_element_reference"
"validation_and_cost/shape_references/tsr_slender_g3_mesh.npz","4186853","a1a64c7a6989ea2ea59cb0202500c89d41968d968d5db68ef1710fb0b56f172b","finite_element_reference"
"validation_and_cost/shape_references/tsr_slender_g3.json","1386","bd3fdf9088b50cf86bd8cbc55babcd5b40b75c7da692a6a7f35cb5c66e6d7cc2","finite_element_reference"
"validation_and_cost/shape_references/tsr_square_g0_Load.npz","283595","fd3b42cc373a9a198648ac560bfe0e3f88520cf996b5f42af40839341473a846","finite_element_reference"
"validation_and_cost/shape_references/tsr_square_g0_mesh.npz","53497","115fee20ad3930f6e90650fd8007b684f71ef003642f0d1a75a6678a68ddcda3","finite_element_reference"
"validation_and_cost/shape_references/tsr_square_g0.json","1369","94fae2e251dfff1aabdf696ca750e0c6ef44687dd9a6dc24fbfaf6cf02e8456c","finite_element_reference"
"validation_and_cost/shape_references/tsr_square_g1_Load.npz","1136955","35adf072211b9aeeb7ab1de6d6539e503c7474f338ac897ac79341e3b241e49e","finite_element_reference"
"validation_and_cost/shape_references/tsr_square_g1_mesh.npz","209209","6a4399d8bd26f95a681f9be8d1d0d5ac97b9120cbd0c0432d32444aee2657396","finite_element_reference"
"validation_and_cost/shape_references/tsr_square_g1.json","1374","a5f8616e2402b1ad555a175cd5c68b620a56c9255db16856861fdf18a16c57d2","finite_element_reference"
"validation_and_cost/shape_references/tsr_square_g2_Load.npz","4495898","ba07d1da498660a52998fda9099157b7ec176051574dd8c9c34c0e579ad33859","finite_element_reference"
"validation_and_cost/shape_references/tsr_square_g2_mesh.npz","837428","b6a1e441aec9ea25406ae79c387ed5c9791b11384eb4eef9a20b245e73b20709","finite_element_reference"
"validation_and_cost/shape_references/tsr_square_g2.json","1377","db80058de4808da9f29bbf1dd9b01f50228dbde0be692e45e2c76f80ca897957","finite_element_reference"
"validation_and_cost/shape_references/tsr_square_g3_Load.npz","17805198","ab5a7073091960349f00fc7097b409d02288577adca08ecacf470ff7eec8229c","finite_element_reference"
"validation_and_cost/shape_references/tsr_square_g3_mesh.npz","3422652","313996b6a884755c3ea89c8981d1f86c7df85183c1e6131c6fb86b1dbb2b5053","finite_element_reference"
"validation_and_cost/shape_references/tsr_square_g3.json","1381","a3e9fe0d8dff8b640127b2e21e6f04cbcd828883c279b31097401babe8346e26","finite_element_reference"
"validation_and_cost/shape_references/full_integration/completion.json","472","eb5fc005d0fb395b2693bc31ebebe9dc82a93b64cfb86e651ef619a7e669b108","finite_element_reference"
"validation_and_cost/shape_references/full_integration/mesh_manifest.json","2680","4caa41fd973a68aba02c480687da6948d40cda48f9effc434b37ea22a8a70882","finite_element_reference"
"validation_and_cost/shape_references/full_integration/protocol.json","450","1a35f423a5e596679c663cb19b4900ab26c0b7b353f175c8875fe1a41313159e","finite_element_reference"
"validation_and_cost/shape_references/full_integration/tsf_slender_g2_Load.npz","9914500","2bfd162db3c6728edc6057154b343ab4a1f0cc7a9953adb2ce13eeb1648f1f9f","finite_element_reference"
"validation_and_cost/shape_references/full_integration/tsf_slender_g2.json","1450","78860d3418b65606bb0217d9db8dc549dd7e4d2843a1d56884359bc1534dd174","finite_element_reference"
"validation_and_cost/shape_references/full_integration/tsf_slender_g3_Load.npz","40021559","1197adf67dd227990f84750a0fb49b9e9c484251b1a8dde0bb5aa4e9603098e2","finite_element_reference"
"validation_and_cost/shape_references/full_integration/tsf_slender_g3.json","1457","33a2d0c839af734c874bea48d9db22a78a13da0f2a880233d0de2c54eb14e49a","finite_element_reference"
"validation_and_cost/shape_references/full_integration/tsf_square_g2_Load.npz","7821527","a6e36abe02653cb2fd297b84c860bc5528b3513943b0a3c862d593aa00704eb8","finite_element_reference"
"validation_and_cost/shape_references/full_integration/tsf_square_g2.json","1447","1f5636203b14cc7ccb8185602ae02ba62a30427bb1e72fbb8ffcdaf8184cfd70","finite_element_reference"
"validation_and_cost/shape_references/full_integration/tsf_square_g3_Load.npz","31882603","64971ca7c72d59d93684e3179286995ecb44ea5b52d5981fda2262193b39da2e","finite_element_reference"
"validation_and_cost/shape_references/full_integration/tsf_square_g3.json","1450","e4fd6f235fbe89264089af02ec865a31a5708c8c15a49123f63a5c089b82ac8b","finite_element_reference"
"validation_and_cost/stable_dem_coverage/protocol.json","13772","a595e8b8cba3d733d850000175a78e02b5f432e8688f086c4832421c0545f701","configuration"
"validation_and_cost/stable_dem_pilot/protocol.json","4590","7224e20d5ace0e5b35f6b4d4686cae2f6566e70427c8c5584b1c131ba3bafcfc","configuration"
