geometry,case,method,n,trainable_parameters,fixed_coefficients,budget,stop_reason_counts,accepted_steps_mean,accepted_steps_sd,closure_evaluations_mean,closure_evaluations_sd,optimization_s_mean,optimization_s_sd,total_wall_s_mean,total_wall_s_sd,diagnostic_and_checkpoint_s_mean,diagnostic_and_checkpoint_s_sd,peak_cuda_allocated_MiB_mean,peak_cuda_allocated_MiB_sd,peak_cuda_reserved_MiB_mean,peak_cuda_reserved_MiB_sd
circle,C1,anchored,8,110705,3000,2000,"{""max_iter"": 8}",2000.0,0.0,2094.25,6.541078984824621,64.87577731255897,5.875064213410447,79.5061294749994,6.319109368355937,14.630222749941822,0.5905433585489117,417.021484375,0.0,460.0,0.0
circle,C1,dem,8,81402,0,1000,"{""max_iter"": 8}",1000.0,0.0,1047.5,15.811388300841896,27.10370187503122,4.846846112149383,41.9927728499988,6.333910957174751,14.88887332496688,1.4999581133658113,189.1201171875,0.0,205.0,1.0690449676496976
circle,C1,fourier,8,110705,1000,2000,"{""max_iter"": 8}",2000.0,0.0,2047.25,9.924716620639604,68.95142421244236,4.9488142732098765,84.22145011249813,5.2492588222157615,15.269886175066858,0.4487160636332458,496.79150390625,0.0,546.0,0.0
circle,C1,fourier_double,8,110705,1000,2000,"{""max_iter"": 8}",2000.0,0.0,2045.25,4.06201920231798,68.24162314993282,6.176023011592327,83.26752263750222,6.754262084437528,15.02575522506595,0.7066298804438185,496.79150390625,0.0,546.0,0.0
circle,C1,fourier_half,8,110705,1000,2000,"{""max_iter"": 8}",2000.0,0.0,2084.375,8.749489781042746,68.93521936258549,6.748809728103683,84.35213323749849,7.226486226255469,15.416762224911508,0.7216241509441276,496.79150390625,0.0,546.0,0.0
circle,C1,independent_gaussian,8,110705,3000,2000,"{""max_iter"": 8}",2000.0,0.0,2100.625,15.936817212264902,64.83275188750304,5.677808131848469,79.7036786624958,6.1555209248385445,14.870758137491976,0.6099038111433208,417.021484375,0.0,460.0,0.0
circle,C1,independent_marginal,8,110705,3000,2000,"{""max_iter"": 8}",2000.0,0.0,2095.875,11.981384370287577,64.28503702518356,5.357439388714263,78.92302962500253,5.723450292565125,14.637874937315246,0.6729001837313133,417.021484375,0.0,460.0,0.0
circle,C1,vanilla,8,82005,0,2000,"{""max_iter"": 8}",2000.0,0.0,2120.25,7.72287881187172,65.50274509999144,1.9945219633233704,79.6211543749987,2.340554962499153,14.118226562505697,0.43325166312922847,274.515625,0.0,314.0,0.0
circle,C1,vanilla_matched,8,110913,0,2000,"{""max_iter"": 8}",2000.0,0.0,2121.125,15.896428170234614,63.27266528755263,6.435905191180955,77.3999379750021,7.1089639128917925,14.127144224945368,0.7108222676379242,315.359375,0.0,392.0,0.0
circle,C1,xpinn,8,95420,0,2000,"{""max_iter"": 8}",2000.0,0.0,2112.375,9.132946637625466,112.44391853742036,21.50993754635954,133.9854814624996,24.557825759344336,21.541429850074564,3.0677675302358405,437.6142578125,0.0,530.0,0.0
circle,C2,anchored,5,110705,3000,2000,"{""max_iter"": 5}",2000.0,0.0,2130.8,13.516656391282572,64.74046424016997,2.950820924389934,79.587699660004,2.7703468471686468,14.847059419832657,0.5780496936280566,417.021484375,0.0,460.0,0.0
circle,C2,dem,5,81402,0,1000,"{""max_iter"": 5}",1000.0,0.0,1046.2,8.87130204648675,28.848940119947656,4.451301029660359,44.22726265999809,5.785260558602115,15.378099020045193,1.3387866470821315,189.1201171875,0.0,204.4,0.8944271909999159
circle,C2,fourier,5,110705,1000,2000,"{""max_iter"": 5}",2000.0,0.0,2045.2,7.049822692805827,70.56637296000554,0.5799881294048062,86.1561396199977,0.5294618598236757,15.589639339994756,0.26173404506542236,496.79150390625,0.0,546.0,0.0
circle,C2,vanilla,5,82005,0,2000,"{""max_iter"": 5}",2000.0,0.0,2116.6,9.208691546577072,57.400880879894245,9.309964901170494,71.04475097999966,10.638997863549532,13.643724300105532,1.3359859506770067,274.515625,0.0,314.0,0.0
circle,C2,xpinn,5,95420,0,2000,"{""max_iter"": 5}",2000.0,0.0,2113.2,7.854934754662192,125.45160255986411,21.294282680935627,148.12858032000076,23.93143879766326,22.676854780134455,2.6605839744930626,437.6142578125,0.0,530.0,0.0
circle,C3,anchored,5,110705,3000,2000,"{""max_iter"": 5}",2000.0,0.0,2126.4,18.14662503056698,66.78414676004323,1.4002325229980075,81.54941129999642,2.0419425648727203,14.765092279951205,0.700753401152979,417.021484375,0.0,460.0,0.0
circle,C3,dem,5,81402,0,1000,"{""max_iter"": 5}",1000.0,0.0,1055.6,11.631852818876277,28.080576340017434,4.43542215747437,43.4343432800044,5.631349544369191,15.353600859982544,1.2310199690300705,189.1203125,0.0004367320268554277,204.4,0.8944271909999159
circle,C3,fourier,5,110705,1000,2000,"{""max_iter"": 5}",2000.0,0.0,2056.0,10.14889156509222,66.5417493600049,7.343959385024759,81.47019723999983,8.003947044713787,14.928267959994264,0.7242845443833377,496.79150390625,0.0,546.0,0.0
circle,C3,vanilla,5,82005,0,2000,"{""max_iter"": 5}",2000.0,0.0,2119.0,11.045361017187261,61.906273839897764,8.275287673058441,75.61272633999761,9.149864911107784,13.70632266010216,0.9469106071561182,274.515625,0.0,314.0,0.0
circle,C3,xpinn,5,95420,0,2000,"{""max_iter"": 5}",2000.0,0.0,2109.8,8.613942186943213,107.01736661987088,22.599776524994155,127.98187507999974,25.91475909749025,20.964388320129366,3.3223988637595347,437.6142578125,0.0,530.0,0.0
circle,C4,anchored,5,110705,3000,2000,"{""max_iter"": 5}",2000.0,0.0,2114.0,20.952326839756964,60.89086560010619,8.278088793053689,75.50265726000217,9.116675509032575,14.611662419894127,0.8527110503759537,417.021484375,0.0,460.0,0.0
circle,C4,dem,5,81402,0,1000,"{""max_iter"": 5}",1000.0,0.0,1050.6,13.145341380123988,27.542006300094364,5.645198982963664,42.438935380001205,7.357777250880719,14.896768099907785,1.71514621765546,189.1201171875,0.0,204.0,0.0
circle,C4,fourier,5,110705,1000,2000,"{""max_iter"": 5}",2000.0,0.0,2062.4,16.65232716469383,71.92992771988793,2.7450186164163606,87.17765730000391,3.304032955906112,15.247576360119274,0.8058618572279953,496.79150390625,0.0,546.0,0.0
circle,C4,vanilla,5,82005,0,2000,"{""max_iter"": 5}",2000.0,0.0,2135.6,10.502380682492898,58.13387626009062,10.078097141517995,71.6228884600001,11.255314644103601,13.488894519905443,1.1811691649777174,274.515625,0.0,314.0,0.0
circle,C4,xpinn,5,95420,0,2000,"{""max_iter"": 5}",2000.0,0.0,2117.8,8.105553651663778,128.63548624007672,13.967027251758319,152.17118930000288,15.17666413465756,23.535576459925505,1.269096706529291,437.6142578125,0.0,530.0,0.0
circle,C5,anchored,5,110705,3000,2000,"{""max_iter"": 5}",2000.0,0.0,2121.2,7.8230428862431785,62.606271880060376,6.671566705320072,77.17327631999942,7.137715564048769,14.566803139941475,0.5110598837899433,417.021484375,0.0,460.0,0.0
circle,C5,dem,5,81402,0,1000,"{""max_iter"": 5}",1000.0,0.0,1060.8,11.584472366059664,28.18954003995168,3.923898521007309,43.400533099997844,5.173992835725224,15.210831480042543,1.260333356249546,189.1201171875,0.0,204.4,0.8944271909999159
circle,C5,fourier,5,110705,1000,2000,"{""max_iter"": 5}",2000.0,0.0,2076.4,5.029910535983716,70.45930417998025,1.3914504578036746,85.82095055999817,1.5163950343414303,15.361486060015158,0.26227700328071385,496.79150390625,0.0,546.0,0.0
circle,C5,vanilla,5,82005,0,2000,"{""max_iter"": 5}",2000.0,0.0,2138.2,10.663020210053059,60.230129339957784,12.5862391238256,73.98174084000057,14.096213067461113,13.751431720040273,1.5157561206100498,274.515625,0.0,314.0,0.0
circle,C5,xpinn,5,95420,0,2000,"{""max_iter"": 5}",2000.0,0.0,2119.4,5.639148871948673,122.74050186009845,20.064411593140623,145.10058466000046,22.664249630654894,22.359927159902874,2.6629600634280366,437.6142578125,0.0,530.0,0.0
circle,C6,anchored,5,110705,3000,2000,"{""max_iter"": 5}",2000.0,0.0,2114.8,16.769019053003667,61.05623583987908,8.9402703685425,75.80111601999815,9.90621272788254,14.744731260124535,0.9722603262456626,417.021484375,0.0,460.0,0.0
circle,C6,dem,5,81402,0,1000,"{""max_iter"": 5}",1000.0,0.0,1067.0,11.916375287812984,30.30319969994307,1.4277738764815033,46.169021620004784,1.7689585893638191,15.865572040056577,0.37008887465099194,189.1205078125,0.0005348853100636387,204.4,0.8944271909999159
circle,C6,fourier,5,110705,1000,2000,"{""max_iter"": 5}",2000.0,0.0,2079.4,13.446189051177289,70.85253381975053,3.769710031212015,86.3633164000028,4.232835796695933,15.51062828025315,0.6006922167314802,496.79150390625,0.0,546.0,0.0
circle,C6,vanilla,5,82005,0,2000,"{""max_iter"": 5}",2000.0,0.0,2140.8,11.691877522451216,66.79044219997013,2.943626702444034,81.59712971999834,3.2903465850399085,14.806515020027291,0.39377298613776596,274.515625,0.0,314.0,0.0
circle,C6,xpinn,5,95420,0,2000,"{""max_iter"": 5}",2000.0,0.0,2119.8,10.756393447619885,125.24265404000326,20.92220428033244,148.22310890000372,23.684025896979044,22.98030385999591,2.7717583345949084,437.6142578125,0.0,530.0,0.0
circle,C7,anchored,5,110705,3000,2000,"{""max_iter"": 5}",2000.0,0.0,2102.0,6.082762530298219,62.31741968019778,6.192986092993962,76.93826106000051,6.748904442754754,14.6206738598019,0.5900330674872106,417.021484375,0.0,460.0,0.0
circle,C7,dem,5,81402,0,1000,"{""max_iter"": 5}",1000.0,0.0,1082.2,29.277978072264485,30.462869239982684,0.9625817180821209,46.45476070000441,1.1941633747797615,15.991658700018888,0.2661625273572306,189.18271484375,0.13942734081922353,204.0,0.0
circle,C7,fourier,5,110705,1000,2000,"{""max_iter"": 5}",2000.0,0.0,2079.2,20.7533129885327,68.51956060005031,7.261307508032977,83.70304026000231,7.815140750345355,15.183332619945578,0.5611820516754922,496.79150390625,0.0,546.0,0.0
circle,C7,vanilla,5,82005,0,2000,"{""max_iter"": 5}",2000.0,0.0,2135.4,14.876155417311288,62.077692339867646,8.055444640903533,75.99293934000161,9.053074999414978,13.91506032012985,1.0548532579802496,274.515625,0.0,314.0,0.0
circle,C7,xpinn,5,95420,0,2000,"{""max_iter"": 5}",2000.0,0.0,2118.2,3.5637059362410923,132.52398250004043,7.81139178096837,156.14636818,9.246104651668308,23.62221691996092,1.6141432797371222,437.6142578125,0.0,530.0,0.0
circle,C8,anchored,8,110705,3000,2000,"{""max_iter"": 8}",2000.0,0.0,2110.375,15.013684234248243,66.87338671241378,1.4654142718662417,81.99697733749599,1.8553318977727262,15.123469400083195,0.4299248818581769,417.021484375,0.0,460.0,0.0
circle,C8,dem,8,81402,0,1000,"{""max_iter"": 8}",1000.0,0.0,1068.375,13.447649821224738,27.860067299998263,4.1616865034511665,43.30730911249975,5.51934943344588,15.447092275000614,1.4278379957336886,189.1201171875,0.0,204.75,1.0350983390135313
circle,C8,fourier,8,110705,1000,2000,"{""max_iter"": 8}",2000.0,0.0,2089.5,12.928374110570019,71.069303999986,1.4554108117528743,86.55421135000142,1.9745425690577196,15.484776800016334,0.6247946657720331,496.79150390625,0.0,546.0,0.0
circle,C8,fourier_double,8,110705,1000,2000,"{""max_iter"": 8}",2000.0,0.0,2041.75,4.862392121462145,70.82372308741469,1.4575813660898864,86.34714453750166,1.763893517755716,15.52323786258603,0.3802117774204317,496.79150390625,0.0,546.0,0.0
circle,C8,fourier_half,8,110705,1000,2000,"{""max_iter"": 8}",2000.0,0.0,2125.75,11.323174718880113,70.224196187497,6.495121461880135,85.64236943749802,7.194872392037761,15.418004537503293,0.746626899262645,496.79150390625,0.0,546.0,0.0
circle,C8,independent_gaussian,8,110705,3000,2000,"{""max_iter"": 8}",2000.0,0.0,2126.375,10.822430410956681,66.06629841262293,6.13627619619804,81.12662129999899,6.700207045209949,15.060177499878591,0.5750014470153761,417.021484375,0.0,460.0,0.0
circle,C8,independent_marginal,8,110705,3000,2000,"{""max_iter"": 8}",2000.0,0.0,2115.625,12.281664614956954,64.43350026252756,5.366916391843478,79.32825721249992,5.8439066445161965,14.894604424974204,0.5470932674609144,417.021484375,0.0,460.0,0.0
circle,C8,vanilla,8,82005,0,2000,"{""max_iter"": 8}",2000.0,0.0,2132.0,8.246211251235321,61.07443521260666,8.821349837013713,74.87868727499972,9.875251504310643,13.804116624888593,1.1653482346471622,274.515625,0.0,314.0,0.0
circle,C8,vanilla_matched,8,110913,0,2000,"{""max_iter"": 8}",2000.0,0.0,2132.25,12.232859728732981,59.74314651258828,10.454849978224175,73.44272516250112,11.498138477321907,13.699421512410481,1.094709316538611,315.359375,0.0,392.0,0.0
circle,C8,xpinn,8,95420,0,2000,"{""max_iter"": 8}",2000.0,0.0,2119.5,11.820079767678632,120.0920780375236,23.6919767132352,142.62000457500017,26.910347134482997,22.527788787474492,3.2350036835739275,437.6142578125,0.0,530.0,0.0
tunnel,T1,anchored,8,145285,3000,10000,"{""max_iter"": 8}",10000.0,0.0,10623.5,56.444663166680336,356.99682317479346,52.996446502590004,538.445992237499,65.03532085041483,181.44905182520597,12.925257290280115,554.39501953125,0.0,623.25,1.0350983390135313
tunnel,T1,fourier,8,145285,1000,10000,"{""max_iter"": 8}",10000.0,0.0,10389.625,32.25318367452827,382.42955103765416,56.3093851402945,569.1217930125058,69.19351836956402,186.6921251873482,14.764729171681747,658.17431640625,0.0,720.0,0.0
tunnel,T1,vanilla_matched,8,145253,0,10000,"{""max_iter"": 8}",10000.0,0.0,10597.625,37.10193487445866,320.23243383743284,45.483030466149636,483.6497533875008,54.35408855960488,163.41718096256773,9.58666352111803,436.94580078125,0.0,528.0,0.0
